year,unemployment,health_spending,debt_gdp
2009,9.3,17.3,82.5249033
2010,9.6,17.3,91.392682
2011,8.9,17.2,96.0182554
2012,8.1,17.2,100.060979
2013,7.4,17,100.809509
2014,6.2,17.2,102.817882
2015,5.3,17.4,100.246011
2016,4.9,17.7,105.337497
2017,4.4,17.7,104.805576
2018,3.9,17.6,105.631909
2019,3.7,17.7,107.046563
2020,8.1,18,128.332469